日期,年,季度,月,年月,年月排序,星期,是否周末,年月日
2023-01-01,2023,Q1,1,2023-01,202301,周日,是,2023年01月01日
2023-01-02,2023,Q1,1,2023-01,202301,周一,否,2023年01月02日
2023-01-03,2023,Q1,1,2023-01,202301,周二,否,2023年01月03日
2023-01-04,2023,Q1,1,2023-01,202301,周三,否,2023年01月04日
2023-01-05,2023,Q1,1,2023-01,202301,周四,否,2023年01月05日
2023-01-06,2023,Q1,1,2023-01,202301,周五,否,2023年01月06日
2023-01-07,2023,Q1,1,2023-01,202301,周六,是,2023年01月07日
2023-01-08,2023,Q1,1,2023-01,202301,周日,是,2023年01月08日
2023-01-09,2023,Q1,1,2023-01,202301,周一,否,2023年01月09日
2023-01-10,2023,Q1,1,2023-01,202301,周二,否,2023年01月10日
2023-01-11,2023,Q1,1,2023-01,202301,周三,否,2023年01月11日
2023-01-12,2023,Q1,1,2023-01,202301,周四,否,2023年01月12日
2023-01-13,2023,Q1,1,2023-01,202301,周五,否,2023年01月13日
2023-01-14,2023,Q1,1,2023-01,202301,周六,是,2023年01月14日
2023-01-15,2023,Q1,1,2023-01,202301,周日,是,2023年01月15日
2023-01-16,2023,Q1,1,2023-01,202301,周一,否,2023年01月16日
2023-01-17,2023,Q1,1,2023-01,202301,周二,否,2023年01月17日
2023-01-18,2023,Q1,1,2023-01,202301,周三,否,2023年01月18日
2023-01-19,2023,Q1,1,2023-01,202301,周四,否,2023年01月19日
2023-01-20,2023,Q1,1,2023-01,202301,周五,否,2023年01月20日
2023-01-21,2023,Q1,1,2023-01,202301,周六,是,2023年01月21日
2023-01-22,2023,Q1,1,2023-01,202301,周日,是,2023年01月22日
2023-01-23,2023,Q1,1,2023-01,202301,周一,否,2023年01月23日
2023-01-24,2023,Q1,1,2023-01,202301,周二,否,2023年01月24日
2023-01-25,2023,Q1,1,2023-01,202301,周三,否,2023年01月25日
2023-01-26,2023,Q1,1,2023-01,202301,周四,否,2023年01月26日
2023-01-27,2023,Q1,1,2023-01,202301,周五,否,2023年01月27日
2023-01-28,2023,Q1,1,2023-01,202301,周六,是,2023年01月28日
2023-01-29,2023,Q1,1,2023-01,202301,周日,是,2023年01月29日
2023-01-30,2023,Q1,1,2023-01,202301,周一,否,2023年01月30日
2023-01-31,2023,Q1,1,2023-01,202301,周二,否,2023年01月31日
2023-02-01,2023,Q1,2,2023-02,202302,周三,否,2023年02月01日
2023-02-02,2023,Q1,2,2023-02,202302,周四,否,2023年02月02日
2023-02-03,2023,Q1,2,2023-02,202302,周五,否,2023年02月03日
2023-02-04,2023,Q1,2,2023-02,202302,周六,是,2023年02月04日
2023-02-05,2023,Q1,2,2023-02,202302,周日,是,2023年02月05日
2023-02-06,2023,Q1,2,2023-02,202302,周一,否,2023年02月06日
2023-02-07,2023,Q1,2,2023-02,202302,周二,否,2023年02月07日
2023-02-08,2023,Q1,2,2023-02,202302,周三,否,2023年02月08日
2023-02-09,2023,Q1,2,2023-02,202302,周四,否,2023年02月09日
2023-02-10,2023,Q1,2,2023-02,202302,周五,否,2023年02月10日
2023-02-11,2023,Q1,2,2023-02,202302,周六,是,2023年02月11日
2023-02-12,2023,Q1,2,2023-02,202302,周日,是,2023年02月12日
2023-02-13,2023,Q1,2,2023-02,202302,周一,否,2023年02月13日
2023-02-14,2023,Q1,2,2023-02,202302,周二,否,2023年02月14日
2023-02-15,2023,Q1,2,2023-02,202302,周三,否,2023年02月15日
2023-02-16,2023,Q1,2,2023-02,202302,周四,否,2023年02月16日
2023-02-17,2023,Q1,2,2023-02,202302,周五,否,2023年02月17日
2023-02-18,2023,Q1,2,2023-02,202302,周六,是,2023年02月18日
2023-02-19,2023,Q1,2,2023-02,202302,周日,是,2023年02月19日
2023-02-20,2023,Q1,2,2023-02,202302,周一,否,2023年02月20日
2023-02-21,2023,Q1,2,2023-02,202302,周二,否,2023年02月21日
2023-02-22,2023,Q1,2,2023-02,202302,周三,否,2023年02月22日
2023-02-23,2023,Q1,2,2023-02,202302,周四,否,2023年02月23日
2023-02-24,2023,Q1,2,2023-02,202302,周五,否,2023年02月24日
2023-02-25,2023,Q1,2,2023-02,202302,周六,是,2023年02月25日
2023-02-26,2023,Q1,2,2023-02,202302,周日,是,2023年02月26日
2023-02-27,2023,Q1,2,2023-02,202302,周一,否,2023年02月27日
2023-02-28,2023,Q1,2,2023-02,202302,周二,否,2023年02月28日
2023-03-01,2023,Q1,3,2023-03,202303,周三,否,2023年03月01日
2023-03-02,2023,Q1,3,2023-03,202303,周四,否,2023年03月02日
2023-03-03,2023,Q1,3,2023-03,202303,周五,否,2023年03月03日
2023-03-04,2023,Q1,3,2023-03,202303,周六,是,2023年03月04日
2023-03-05,2023,Q1,3,2023-03,202303,周日,是,2023年03月05日
2023-03-06,2023,Q1,3,2023-03,202303,周一,否,2023年03月06日
2023-03-07,2023,Q1,3,2023-03,202303,周二,否,2023年03月07日
2023-03-08,2023,Q1,3,2023-03,202303,周三,否,2023年03月08日
2023-03-09,2023,Q1,3,2023-03,202303,周四,否,2023年03月09日
2023-03-10,2023,Q1,3,2023-03,202303,周五,否,2023年03月10日
2023-03-11,2023,Q1,3,2023-03,202303,周六,是,2023年03月11日
2023-03-12,2023,Q1,3,2023-03,202303,周日,是,2023年03月12日
2023-03-13,2023,Q1,3,2023-03,202303,周一,否,2023年03月13日
2023-03-14,2023,Q1,3,2023-03,202303,周二,否,2023年03月14日
2023-03-15,2023,Q1,3,2023-03,202303,周三,否,2023年03月15日
2023-03-16,2023,Q1,3,2023-03,202303,周四,否,2023年03月16日
2023-03-17,2023,Q1,3,2023-03,202303,周五,否,2023年03月17日
2023-03-18,2023,Q1,3,2023-03,202303,周六,是,2023年03月18日
2023-03-19,2023,Q1,3,2023-03,202303,周日,是,2023年03月19日
2023-03-20,2023,Q1,3,2023-03,202303,周一,否,2023年03月20日
2023-03-21,2023,Q1,3,2023-03,202303,周二,否,2023年03月21日
2023-03-22,2023,Q1,3,2023-03,202303,周三,否,2023年03月22日
2023-03-23,2023,Q1,3,2023-03,202303,周四,否,2023年03月23日
2023-03-24,2023,Q1,3,2023-03,202303,周五,否,2023年03月24日
2023-03-25,2023,Q1,3,2023-03,202303,周六,是,2023年03月25日
2023-03-26,2023,Q1,3,2023-03,202303,周日,是,2023年03月26日
2023-03-27,2023,Q1,3,2023-03,202303,周一,否,2023年03月27日
2023-03-28,2023,Q1,3,2023-03,202303,周二,否,2023年03月28日
2023-03-29,2023,Q1,3,2023-03,202303,周三,否,2023年03月29日
2023-03-30,2023,Q1,3,2023-03,202303,周四,否,2023年03月30日
2023-03-31,2023,Q1,3,2023-03,202303,周五,否,2023年03月31日
2023-04-01,2023,Q2,4,2023-04,202304,周六,是,2023年04月01日
2023-04-02,2023,Q2,4,2023-04,202304,周日,是,2023年04月02日
2023-04-03,2023,Q2,4,2023-04,202304,周一,否,2023年04月03日
2023-04-04,2023,Q2,4,2023-04,202304,周二,否,2023年04月04日
2023-04-05,2023,Q2,4,2023-04,202304,周三,否,2023年04月05日
2023-04-06,2023,Q2,4,2023-04,202304,周四,否,2023年04月06日
2023-04-07,2023,Q2,4,2023-04,202304,周五,否,2023年04月07日
2023-04-08,2023,Q2,4,2023-04,202304,周六,是,2023年04月08日
2023-04-09,2023,Q2,4,2023-04,202304,周日,是,2023年04月09日
2023-04-10,2023,Q2,4,2023-04,202304,周一,否,2023年04月10日
2023-04-11,2023,Q2,4,2023-04,202304,周二,否,2023年04月11日
2023-04-12,2023,Q2,4,2023-04,202304,周三,否,2023年04月12日
2023-04-13,2023,Q2,4,2023-04,202304,周四,否,2023年04月13日
2023-04-14,2023,Q2,4,2023-04,202304,周五,否,2023年04月14日
2023-04-15,2023,Q2,4,2023-04,202304,周六,是,2023年04月15日
2023-04-16,2023,Q2,4,2023-04,202304,周日,是,2023年04月16日
2023-04-17,2023,Q2,4,2023-04,202304,周一,否,2023年04月17日
2023-04-18,2023,Q2,4,2023-04,202304,周二,否,2023年04月18日
2023-04-19,2023,Q2,4,2023-04,202304,周三,否,2023年04月19日
2023-04-20,2023,Q2,4,2023-04,202304,周四,否,2023年04月20日
2023-04-21,2023,Q2,4,2023-04,202304,周五,否,2023年04月21日
2023-04-22,2023,Q2,4,2023-04,202304,周六,是,2023年04月22日
2023-04-23,2023,Q2,4,2023-04,202304,周日,是,2023年04月23日
2023-04-24,2023,Q2,4,2023-04,202304,周一,否,2023年04月24日
2023-04-25,2023,Q2,4,2023-04,202304,周二,否,2023年04月25日
2023-04-26,2023,Q2,4,2023-04,202304,周三,否,2023年04月26日
2023-04-27,2023,Q2,4,2023-04,202304,周四,否,2023年04月27日
2023-04-28,2023,Q2,4,2023-04,202304,周五,否,2023年04月28日
2023-04-29,2023,Q2,4,2023-04,202304,周六,是,2023年04月29日
2023-04-30,2023,Q2,4,2023-04,202304,周日,是,2023年04月30日
2023-05-01,2023,Q2,5,2023-05,202305,周一,否,2023年05月01日
2023-05-02,2023,Q2,5,2023-05,202305,周二,否,2023年05月02日
2023-05-03,2023,Q2,5,2023-05,202305,周三,否,2023年05月03日
2023-05-04,2023,Q2,5,2023-05,202305,周四,否,2023年05月04日
2023-05-05,2023,Q2,5,2023-05,202305,周五,否,2023年05月05日
2023-05-06,2023,Q2,5,2023-05,202305,周六,是,2023年05月06日
2023-05-07,2023,Q2,5,2023-05,202305,周日,是,2023年05月07日
2023-05-08,2023,Q2,5,2023-05,202305,周一,否,2023年05月08日
2023-05-09,2023,Q2,5,2023-05,202305,周二,否,2023年05月09日
2023-05-10,2023,Q2,5,2023-05,202305,周三,否,2023年05月10日
2023-05-11,2023,Q2,5,2023-05,202305,周四,否,2023年05月11日
2023-05-12,2023,Q2,5,2023-05,202305,周五,否,2023年05月12日
2023-05-13,2023,Q2,5,2023-05,202305,周六,是,2023年05月13日
2023-05-14,2023,Q2,5,2023-05,202305,周日,是,2023年05月14日
2023-05-15,2023,Q2,5,2023-05,202305,周一,否,2023年05月15日
2023-05-16,2023,Q2,5,2023-05,202305,周二,否,2023年05月16日
2023-05-17,2023,Q2,5,2023-05,202305,周三,否,2023年05月17日
2023-05-18,2023,Q2,5,2023-05,202305,周四,否,2023年05月18日
2023-05-19,2023,Q2,5,2023-05,202305,周五,否,2023年05月19日
2023-05-20,2023,Q2,5,2023-05,202305,周六,是,2023年05月20日
2023-05-21,2023,Q2,5,2023-05,202305,周日,是,2023年05月21日
2023-05-22,2023,Q2,5,2023-05,202305,周一,否,2023年05月22日
2023-05-23,2023,Q2,5,2023-05,202305,周二,否,2023年05月23日
2023-05-24,2023,Q2,5,2023-05,202305,周三,否,2023年05月24日
2023-05-25,2023,Q2,5,2023-05,202305,周四,否,2023年05月25日
2023-05-26,2023,Q2,5,2023-05,202305,周五,否,2023年05月26日
2023-05-27,2023,Q2,5,2023-05,202305,周六,是,2023年05月27日
2023-05-28,2023,Q2,5,2023-05,202305,周日,是,2023年05月28日
2023-05-29,2023,Q2,5,2023-05,202305,周一,否,2023年05月29日
2023-05-30,2023,Q2,5,2023-05,202305,周二,否,2023年05月30日
2023-05-31,2023,Q2,5,2023-05,202305,周三,否,2023年05月31日
2023-06-01,2023,Q2,6,2023-06,202306,周四,否,2023年06月01日
2023-06-02,2023,Q2,6,2023-06,202306,周五,否,2023年06月02日
2023-06-03,2023,Q2,6,2023-06,202306,周六,是,2023年06月03日
2023-06-04,2023,Q2,6,2023-06,202306,周日,是,2023年06月04日
2023-06-05,2023,Q2,6,2023-06,202306,周一,否,2023年06月05日
2023-06-06,2023,Q2,6,2023-06,202306,周二,否,2023年06月06日
2023-06-07,2023,Q2,6,2023-06,202306,周三,否,2023年06月07日
2023-06-08,2023,Q2,6,2023-06,202306,周四,否,2023年06月08日
2023-06-09,2023,Q2,6,2023-06,202306,周五,否,2023年06月09日
2023-06-10,2023,Q2,6,2023-06,202306,周六,是,2023年06月10日
2023-06-11,2023,Q2,6,2023-06,202306,周日,是,2023年06月11日
2023-06-12,2023,Q2,6,2023-06,202306,周一,否,2023年06月12日
2023-06-13,2023,Q2,6,2023-06,202306,周二,否,2023年06月13日
2023-06-14,2023,Q2,6,2023-06,202306,周三,否,2023年06月14日
2023-06-15,2023,Q2,6,2023-06,202306,周四,否,2023年06月15日
2023-06-16,2023,Q2,6,2023-06,202306,周五,否,2023年06月16日
2023-06-17,2023,Q2,6,2023-06,202306,周六,是,2023年06月17日
2023-06-18,2023,Q2,6,2023-06,202306,周日,是,2023年06月18日
2023-06-19,2023,Q2,6,2023-06,202306,周一,否,2023年06月19日
2023-06-20,2023,Q2,6,2023-06,202306,周二,否,2023年06月20日
2023-06-21,2023,Q2,6,2023-06,202306,周三,否,2023年06月21日
2023-06-22,2023,Q2,6,2023-06,202306,周四,否,2023年06月22日
2023-06-23,2023,Q2,6,2023-06,202306,周五,否,2023年06月23日
2023-06-24,2023,Q2,6,2023-06,202306,周六,是,2023年06月24日
2023-06-25,2023,Q2,6,2023-06,202306,周日,是,2023年06月25日
2023-06-26,2023,Q2,6,2023-06,202306,周一,否,2023年06月26日
2023-06-27,2023,Q2,6,2023-06,202306,周二,否,2023年06月27日
2023-06-28,2023,Q2,6,2023-06,202306,周三,否,2023年06月28日
2023-06-29,2023,Q2,6,2023-06,202306,周四,否,2023年06月29日
2023-06-30,2023,Q2,6,2023-06,202306,周五,否,2023年06月30日
2023-07-01,2023,Q3,7,2023-07,202307,周六,是,2023年07月01日
2023-07-02,2023,Q3,7,2023-07,202307,周日,是,2023年07月02日
2023-07-03,2023,Q3,7,2023-07,202307,周一,否,2023年07月03日
2023-07-04,2023,Q3,7,2023-07,202307,周二,否,2023年07月04日
2023-07-05,2023,Q3,7,2023-07,202307,周三,否,2023年07月05日
2023-07-06,2023,Q3,7,2023-07,202307,周四,否,2023年07月06日
2023-07-07,2023,Q3,7,2023-07,202307,周五,否,2023年07月07日
2023-07-08,2023,Q3,7,2023-07,202307,周六,是,2023年07月08日
2023-07-09,2023,Q3,7,2023-07,202307,周日,是,2023年07月09日
2023-07-10,2023,Q3,7,2023-07,202307,周一,否,2023年07月10日
2023-07-11,2023,Q3,7,2023-07,202307,周二,否,2023年07月11日
2023-07-12,2023,Q3,7,2023-07,202307,周三,否,2023年07月12日
2023-07-13,2023,Q3,7,2023-07,202307,周四,否,2023年07月13日
2023-07-14,2023,Q3,7,2023-07,202307,周五,否,2023年07月14日
2023-07-15,2023,Q3,7,2023-07,202307,周六,是,2023年07月15日
2023-07-16,2023,Q3,7,2023-07,202307,周日,是,2023年07月16日
2023-07-17,2023,Q3,7,2023-07,202307,周一,否,2023年07月17日
2023-07-18,2023,Q3,7,2023-07,202307,周二,否,2023年07月18日
2023-07-19,2023,Q3,7,2023-07,202307,周三,否,2023年07月19日
2023-07-20,2023,Q3,7,2023-07,202307,周四,否,2023年07月20日
2023-07-21,2023,Q3,7,2023-07,202307,周五,否,2023年07月21日
2023-07-22,2023,Q3,7,2023-07,202307,周六,是,2023年07月22日
2023-07-23,2023,Q3,7,2023-07,202307,周日,是,2023年07月23日
2023-07-24,2023,Q3,7,2023-07,202307,周一,否,2023年07月24日
2023-07-25,2023,Q3,7,2023-07,202307,周二,否,2023年07月25日
2023-07-26,2023,Q3,7,2023-07,202307,周三,否,2023年07月26日
2023-07-27,2023,Q3,7,2023-07,202307,周四,否,2023年07月27日
2023-07-28,2023,Q3,7,2023-07,202307,周五,否,2023年07月28日
2023-07-29,2023,Q3,7,2023-07,202307,周六,是,2023年07月29日
2023-07-30,2023,Q3,7,2023-07,202307,周日,是,2023年07月30日
2023-07-31,2023,Q3,7,2023-07,202307,周一,否,2023年07月31日
2023-08-01,2023,Q3,8,2023-08,202308,周二,否,2023年08月01日
2023-08-02,2023,Q3,8,2023-08,202308,周三,否,2023年08月02日
2023-08-03,2023,Q3,8,2023-08,202308,周四,否,2023年08月03日
2023-08-04,2023,Q3,8,2023-08,202308,周五,否,2023年08月04日
2023-08-05,2023,Q3,8,2023-08,202308,周六,是,2023年08月05日
2023-08-06,2023,Q3,8,2023-08,202308,周日,是,2023年08月06日
2023-08-07,2023,Q3,8,2023-08,202308,周一,否,2023年08月07日
2023-08-08,2023,Q3,8,2023-08,202308,周二,否,2023年08月08日
2023-08-09,2023,Q3,8,2023-08,202308,周三,否,2023年08月09日
2023-08-10,2023,Q3,8,2023-08,202308,周四,否,2023年08月10日
2023-08-11,2023,Q3,8,2023-08,202308,周五,否,2023年08月11日
2023-08-12,2023,Q3,8,2023-08,202308,周六,是,2023年08月12日
2023-08-13,2023,Q3,8,2023-08,202308,周日,是,2023年08月13日
2023-08-14,2023,Q3,8,2023-08,202308,周一,否,2023年08月14日
2023-08-15,2023,Q3,8,2023-08,202308,周二,否,2023年08月15日
2023-08-16,2023,Q3,8,2023-08,202308,周三,否,2023年08月16日
2023-08-17,2023,Q3,8,2023-08,202308,周四,否,2023年08月17日
2023-08-18,2023,Q3,8,2023-08,202308,周五,否,2023年08月18日
2023-08-19,2023,Q3,8,2023-08,202308,周六,是,2023年08月19日
2023-08-20,2023,Q3,8,2023-08,202308,周日,是,2023年08月20日
2023-08-21,2023,Q3,8,2023-08,202308,周一,否,2023年08月21日
2023-08-22,2023,Q3,8,2023-08,202308,周二,否,2023年08月22日
2023-08-23,2023,Q3,8,2023-08,202308,周三,否,2023年08月23日
2023-08-24,2023,Q3,8,2023-08,202308,周四,否,2023年08月24日
2023-08-25,2023,Q3,8,2023-08,202308,周五,否,2023年08月25日
2023-08-26,2023,Q3,8,2023-08,202308,周六,是,2023年08月26日
2023-08-27,2023,Q3,8,2023-08,202308,周日,是,2023年08月27日
2023-08-28,2023,Q3,8,2023-08,202308,周一,否,2023年08月28日
2023-08-29,2023,Q3,8,2023-08,202308,周二,否,2023年08月29日
2023-08-30,2023,Q3,8,2023-08,202308,周三,否,2023年08月30日
2023-08-31,2023,Q3,8,2023-08,202308,周四,否,2023年08月31日
2023-09-01,2023,Q3,9,2023-09,202309,周五,否,2023年09月01日
2023-09-02,2023,Q3,9,2023-09,202309,周六,是,2023年09月02日
2023-09-03,2023,Q3,9,2023-09,202309,周日,是,2023年09月03日
2023-09-04,2023,Q3,9,2023-09,202309,周一,否,2023年09月04日
2023-09-05,2023,Q3,9,2023-09,202309,周二,否,2023年09月05日
2023-09-06,2023,Q3,9,2023-09,202309,周三,否,2023年09月06日
2023-09-07,2023,Q3,9,2023-09,202309,周四,否,2023年09月07日
2023-09-08,2023,Q3,9,2023-09,202309,周五,否,2023年09月08日
2023-09-09,2023,Q3,9,2023-09,202309,周六,是,2023年09月09日
2023-09-10,2023,Q3,9,2023-09,202309,周日,是,2023年09月10日
2023-09-11,2023,Q3,9,2023-09,202309,周一,否,2023年09月11日
2023-09-12,2023,Q3,9,2023-09,202309,周二,否,2023年09月12日
2023-09-13,2023,Q3,9,2023-09,202309,周三,否,2023年09月13日
2023-09-14,2023,Q3,9,2023-09,202309,周四,否,2023年09月14日
2023-09-15,2023,Q3,9,2023-09,202309,周五,否,2023年09月15日
2023-09-16,2023,Q3,9,2023-09,202309,周六,是,2023年09月16日
2023-09-17,2023,Q3,9,2023-09,202309,周日,是,2023年09月17日
2023-09-18,2023,Q3,9,2023-09,202309,周一,否,2023年09月18日
2023-09-19,2023,Q3,9,2023-09,202309,周二,否,2023年09月19日
2023-09-20,2023,Q3,9,2023-09,202309,周三,否,2023年09月20日
2023-09-21,2023,Q3,9,2023-09,202309,周四,否,2023年09月21日
2023-09-22,2023,Q3,9,2023-09,202309,周五,否,2023年09月22日
2023-09-23,2023,Q3,9,2023-09,202309,周六,是,2023年09月23日
2023-09-24,2023,Q3,9,2023-09,202309,周日,是,2023年09月24日
2023-09-25,2023,Q3,9,2023-09,202309,周一,否,2023年09月25日
2023-09-26,2023,Q3,9,2023-09,202309,周二,否,2023年09月26日
2023-09-27,2023,Q3,9,2023-09,202309,周三,否,2023年09月27日
2023-09-28,2023,Q3,9,2023-09,202309,周四,否,2023年09月28日
2023-09-29,2023,Q3,9,2023-09,202309,周五,否,2023年09月29日
2023-09-30,2023,Q3,9,2023-09,202309,周六,是,2023年09月30日
2023-10-01,2023,Q4,10,2023-10,202310,周日,是,2023年10月01日
2023-10-02,2023,Q4,10,2023-10,202310,周一,否,2023年10月02日
2023-10-03,2023,Q4,10,2023-10,202310,周二,否,2023年10月03日
2023-10-04,2023,Q4,10,2023-10,202310,周三,否,2023年10月04日
2023-10-05,2023,Q4,10,2023-10,202310,周四,否,2023年10月05日
2023-10-06,2023,Q4,10,2023-10,202310,周五,否,2023年10月06日
2023-10-07,2023,Q4,10,2023-10,202310,周六,是,2023年10月07日
2023-10-08,2023,Q4,10,2023-10,202310,周日,是,2023年10月08日
2023-10-09,2023,Q4,10,2023-10,202310,周一,否,2023年10月09日
2023-10-10,2023,Q4,10,2023-10,202310,周二,否,2023年10月10日
2023-10-11,2023,Q4,10,2023-10,202310,周三,否,2023年10月11日
2023-10-12,2023,Q4,10,2023-10,202310,周四,否,2023年10月12日
2023-10-13,2023,Q4,10,2023-10,202310,周五,否,2023年10月13日
2023-10-14,2023,Q4,10,2023-10,202310,周六,是,2023年10月14日
2023-10-15,2023,Q4,10,2023-10,202310,周日,是,2023年10月15日
2023-10-16,2023,Q4,10,2023-10,202310,周一,否,2023年10月16日
2023-10-17,2023,Q4,10,2023-10,202310,周二,否,2023年10月17日
2023-10-18,2023,Q4,10,2023-10,202310,周三,否,2023年10月18日
2023-10-19,2023,Q4,10,2023-10,202310,周四,否,2023年10月19日
2023-10-20,2023,Q4,10,2023-10,202310,周五,否,2023年10月20日
2023-10-21,2023,Q4,10,2023-10,202310,周六,是,2023年10月21日
2023-10-22,2023,Q4,10,2023-10,202310,周日,是,2023年10月22日
2023-10-23,2023,Q4,10,2023-10,202310,周一,否,2023年10月23日
2023-10-24,2023,Q4,10,2023-10,202310,周二,否,2023年10月24日
2023-10-25,2023,Q4,10,2023-10,202310,周三,否,2023年10月25日
2023-10-26,2023,Q4,10,2023-10,202310,周四,否,2023年10月26日
2023-10-27,2023,Q4,10,2023-10,202310,周五,否,2023年10月27日
2023-10-28,2023,Q4,10,2023-10,202310,周六,是,2023年10月28日
2023-10-29,2023,Q4,10,2023-10,202310,周日,是,2023年10月29日
2023-10-30,2023,Q4,10,2023-10,202310,周一,否,2023年10月30日
2023-10-31,2023,Q4,10,2023-10,202310,周二,否,2023年10月31日
2023-11-01,2023,Q4,11,2023-11,202311,周三,否,2023年11月01日
2023-11-02,2023,Q4,11,2023-11,202311,周四,否,2023年11月02日
2023-11-03,2023,Q4,11,2023-11,202311,周五,否,2023年11月03日
2023-11-04,2023,Q4,11,2023-11,202311,周六,是,2023年11月04日
2023-11-05,2023,Q4,11,2023-11,202311,周日,是,2023年11月05日
2023-11-06,2023,Q4,11,2023-11,202311,周一,否,2023年11月06日
2023-11-07,2023,Q4,11,2023-11,202311,周二,否,2023年11月07日
2023-11-08,2023,Q4,11,2023-11,202311,周三,否,2023年11月08日
2023-11-09,2023,Q4,11,2023-11,202311,周四,否,2023年11月09日
2023-11-10,2023,Q4,11,2023-11,202311,周五,否,2023年11月10日
2023-11-11,2023,Q4,11,2023-11,202311,周六,是,2023年11月11日
2023-11-12,2023,Q4,11,2023-11,202311,周日,是,2023年11月12日
2023-11-13,2023,Q4,11,2023-11,202311,周一,否,2023年11月13日
2023-11-14,2023,Q4,11,2023-11,202311,周二,否,2023年11月14日
2023-11-15,2023,Q4,11,2023-11,202311,周三,否,2023年11月15日
2023-11-16,2023,Q4,11,2023-11,202311,周四,否,2023年11月16日
2023-11-17,2023,Q4,11,2023-11,202311,周五,否,2023年11月17日
2023-11-18,2023,Q4,11,2023-11,202311,周六,是,2023年11月18日
2023-11-19,2023,Q4,11,2023-11,202311,周日,是,2023年11月19日
2023-11-20,2023,Q4,11,2023-11,202311,周一,否,2023年11月20日
2023-11-21,2023,Q4,11,2023-11,202311,周二,否,2023年11月21日
2023-11-22,2023,Q4,11,2023-11,202311,周三,否,2023年11月22日
2023-11-23,2023,Q4,11,2023-11,202311,周四,否,2023年11月23日
2023-11-24,2023,Q4,11,2023-11,202311,周五,否,2023年11月24日
2023-11-25,2023,Q4,11,2023-11,202311,周六,是,2023年11月25日
2023-11-26,2023,Q4,11,2023-11,202311,周日,是,2023年11月26日
2023-11-27,2023,Q4,11,2023-11,202311,周一,否,2023年11月27日
2023-11-28,2023,Q4,11,2023-11,202311,周二,否,2023年11月28日
2023-11-29,2023,Q4,11,2023-11,202311,周三,否,2023年11月29日
2023-11-30,2023,Q4,11,2023-11,202311,周四,否,2023年11月30日
2023-12-01,2023,Q4,12,2023-12,202312,周五,否,2023年12月01日
2023-12-02,2023,Q4,12,2023-12,202312,周六,是,2023年12月02日
2023-12-03,2023,Q4,12,2023-12,202312,周日,是,2023年12月03日
2023-12-04,2023,Q4,12,2023-12,202312,周一,否,2023年12月04日
2023-12-05,2023,Q4,12,2023-12,202312,周二,否,2023年12月05日
2023-12-06,2023,Q4,12,2023-12,202312,周三,否,2023年12月06日
2023-12-07,2023,Q4,12,2023-12,202312,周四,否,2023年12月07日
2023-12-08,2023,Q4,12,2023-12,202312,周五,否,2023年12月08日
2023-12-09,2023,Q4,12,2023-12,202312,周六,是,2023年12月09日
2023-12-10,2023,Q4,12,2023-12,202312,周日,是,2023年12月10日
2023-12-11,2023,Q4,12,2023-12,202312,周一,否,2023年12月11日
2023-12-12,2023,Q4,12,2023-12,202312,周二,否,2023年12月12日
2023-12-13,2023,Q4,12,2023-12,202312,周三,否,2023年12月13日
2023-12-14,2023,Q4,12,2023-12,202312,周四,否,2023年12月14日
2023-12-15,2023,Q4,12,2023-12,202312,周五,否,2023年12月15日
2023-12-16,2023,Q4,12,2023-12,202312,周六,是,2023年12月16日
2023-12-17,2023,Q4,12,2023-12,202312,周日,是,2023年12月17日
2023-12-18,2023,Q4,12,2023-12,202312,周一,否,2023年12月18日
2023-12-19,2023,Q4,12,2023-12,202312,周二,否,2023年12月19日
2023-12-20,2023,Q4,12,2023-12,202312,周三,否,2023年12月20日
2023-12-21,2023,Q4,12,2023-12,202312,周四,否,2023年12月21日
2023-12-22,2023,Q4,12,2023-12,202312,周五,否,2023年12月22日
2023-12-23,2023,Q4,12,2023-12,202312,周六,是,2023年12月23日
2023-12-24,2023,Q4,12,2023-12,202312,周日,是,2023年12月24日
2023-12-25,2023,Q4,12,2023-12,202312,周一,否,2023年12月25日
2023-12-26,2023,Q4,12,2023-12,202312,周二,否,2023年12月26日
2023-12-27,2023,Q4,12,2023-12,202312,周三,否,2023年12月27日
2023-12-28,2023,Q4,12,2023-12,202312,周四,否,2023年12月28日
2023-12-29,2023,Q4,12,2023-12,202312,周五,否,2023年12月29日
2023-12-30,2023,Q4,12,2023-12,202312,周六,是,2023年12月30日
2023-12-31,2023,Q4,12,2023-12,202312,周日,是,2023年12月31日
2024-01-01,2024,Q1,1,2024-01,202401,周一,否,2024年01月01日
2024-01-02,2024,Q1,1,2024-01,202401,周二,否,2024年01月02日
2024-01-03,2024,Q1,1,2024-01,202401,周三,否,2024年01月03日
2024-01-04,2024,Q1,1,2024-01,202401,周四,否,2024年01月04日
2024-01-05,2024,Q1,1,2024-01,202401,周五,否,2024年01月05日
2024-01-06,2024,Q1,1,2024-01,202401,周六,是,2024年01月06日
2024-01-07,2024,Q1,1,2024-01,202401,周日,是,2024年01月07日
2024-01-08,2024,Q1,1,2024-01,202401,周一,否,2024年01月08日
2024-01-09,2024,Q1,1,2024-01,202401,周二,否,2024年01月09日
2024-01-10,2024,Q1,1,2024-01,202401,周三,否,2024年01月10日
2024-01-11,2024,Q1,1,2024-01,202401,周四,否,2024年01月11日
2024-01-12,2024,Q1,1,2024-01,202401,周五,否,2024年01月12日
2024-01-13,2024,Q1,1,2024-01,202401,周六,是,2024年01月13日
2024-01-14,2024,Q1,1,2024-01,202401,周日,是,2024年01月14日
2024-01-15,2024,Q1,1,2024-01,202401,周一,否,2024年01月15日
2024-01-16,2024,Q1,1,2024-01,202401,周二,否,2024年01月16日
2024-01-17,2024,Q1,1,2024-01,202401,周三,否,2024年01月17日
2024-01-18,2024,Q1,1,2024-01,202401,周四,否,2024年01月18日
2024-01-19,2024,Q1,1,2024-01,202401,周五,否,2024年01月19日
2024-01-20,2024,Q1,1,2024-01,202401,周六,是,2024年01月20日
2024-01-21,2024,Q1,1,2024-01,202401,周日,是,2024年01月21日
2024-01-22,2024,Q1,1,2024-01,202401,周一,否,2024年01月22日
2024-01-23,2024,Q1,1,2024-01,202401,周二,否,2024年01月23日
2024-01-24,2024,Q1,1,2024-01,202401,周三,否,2024年01月24日
2024-01-25,2024,Q1,1,2024-01,202401,周四,否,2024年01月25日
2024-01-26,2024,Q1,1,2024-01,202401,周五,否,2024年01月26日
2024-01-27,2024,Q1,1,2024-01,202401,周六,是,2024年01月27日
2024-01-28,2024,Q1,1,2024-01,202401,周日,是,2024年01月28日
2024-01-29,2024,Q1,1,2024-01,202401,周一,否,2024年01月29日
2024-01-30,2024,Q1,1,2024-01,202401,周二,否,2024年01月30日
2024-01-31,2024,Q1,1,2024-01,202401,周三,否,2024年01月31日
2024-02-01,2024,Q1,2,2024-02,202402,周四,否,2024年02月01日
2024-02-02,2024,Q1,2,2024-02,202402,周五,否,2024年02月02日
2024-02-03,2024,Q1,2,2024-02,202402,周六,是,2024年02月03日
2024-02-04,2024,Q1,2,2024-02,202402,周日,是,2024年02月04日
2024-02-05,2024,Q1,2,2024-02,202402,周一,否,2024年02月05日
2024-02-06,2024,Q1,2,2024-02,202402,周二,否,2024年02月06日
2024-02-07,2024,Q1,2,2024-02,202402,周三,否,2024年02月07日
2024-02-08,2024,Q1,2,2024-02,202402,周四,否,2024年02月08日
2024-02-09,2024,Q1,2,2024-02,202402,周五,否,2024年02月09日
2024-02-10,2024,Q1,2,2024-02,202402,周六,是,2024年02月10日
2024-02-11,2024,Q1,2,2024-02,202402,周日,是,2024年02月11日
2024-02-12,2024,Q1,2,2024-02,202402,周一,否,2024年02月12日
2024-02-13,2024,Q1,2,2024-02,202402,周二,否,2024年02月13日
2024-02-14,2024,Q1,2,2024-02,202402,周三,否,2024年02月14日
2024-02-15,2024,Q1,2,2024-02,202402,周四,否,2024年02月15日
2024-02-16,2024,Q1,2,2024-02,202402,周五,否,2024年02月16日
2024-02-17,2024,Q1,2,2024-02,202402,周六,是,2024年02月17日
2024-02-18,2024,Q1,2,2024-02,202402,周日,是,2024年02月18日
2024-02-19,2024,Q1,2,2024-02,202402,周一,否,2024年02月19日
2024-02-20,2024,Q1,2,2024-02,202402,周二,否,2024年02月20日
2024-02-21,2024,Q1,2,2024-02,202402,周三,否,2024年02月21日
2024-02-22,2024,Q1,2,2024-02,202402,周四,否,2024年02月22日
2024-02-23,2024,Q1,2,2024-02,202402,周五,否,2024年02月23日
2024-02-24,2024,Q1,2,2024-02,202402,周六,是,2024年02月24日
2024-02-25,2024,Q1,2,2024-02,202402,周日,是,2024年02月25日
2024-02-26,2024,Q1,2,2024-02,202402,周一,否,2024年02月26日
2024-02-27,2024,Q1,2,2024-02,202402,周二,否,2024年02月27日
2024-02-28,2024,Q1,2,2024-02,202402,周三,否,2024年02月28日
2024-02-29,2024,Q1,2,2024-02,202402,周四,否,2024年02月29日
2024-03-01,2024,Q1,3,2024-03,202403,周五,否,2024年03月01日
2024-03-02,2024,Q1,3,2024-03,202403,周六,是,2024年03月02日
2024-03-03,2024,Q1,3,2024-03,202403,周日,是,2024年03月03日
2024-03-04,2024,Q1,3,2024-03,202403,周一,否,2024年03月04日
2024-03-05,2024,Q1,3,2024-03,202403,周二,否,2024年03月05日
2024-03-06,2024,Q1,3,2024-03,202403,周三,否,2024年03月06日
2024-03-07,2024,Q1,3,2024-03,202403,周四,否,2024年03月07日
2024-03-08,2024,Q1,3,2024-03,202403,周五,否,2024年03月08日
2024-03-09,2024,Q1,3,2024-03,202403,周六,是,2024年03月09日
2024-03-10,2024,Q1,3,2024-03,202403,周日,是,2024年03月10日
2024-03-11,2024,Q1,3,2024-03,202403,周一,否,2024年03月11日
2024-03-12,2024,Q1,3,2024-03,202403,周二,否,2024年03月12日
2024-03-13,2024,Q1,3,2024-03,202403,周三,否,2024年03月13日
2024-03-14,2024,Q1,3,2024-03,202403,周四,否,2024年03月14日
2024-03-15,2024,Q1,3,2024-03,202403,周五,否,2024年03月15日
2024-03-16,2024,Q1,3,2024-03,202403,周六,是,2024年03月16日
2024-03-17,2024,Q1,3,2024-03,202403,周日,是,2024年03月17日
2024-03-18,2024,Q1,3,2024-03,202403,周一,否,2024年03月18日
2024-03-19,2024,Q1,3,2024-03,202403,周二,否,2024年03月19日
2024-03-20,2024,Q1,3,2024-03,202403,周三,否,2024年03月20日
2024-03-21,2024,Q1,3,2024-03,202403,周四,否,2024年03月21日
2024-03-22,2024,Q1,3,2024-03,202403,周五,否,2024年03月22日
2024-03-23,2024,Q1,3,2024-03,202403,周六,是,2024年03月23日
2024-03-24,2024,Q1,3,2024-03,202403,周日,是,2024年03月24日
2024-03-25,2024,Q1,3,2024-03,202403,周一,否,2024年03月25日
2024-03-26,2024,Q1,3,2024-03,202403,周二,否,2024年03月26日
2024-03-27,2024,Q1,3,2024-03,202403,周三,否,2024年03月27日
2024-03-28,2024,Q1,3,2024-03,202403,周四,否,2024年03月28日
2024-03-29,2024,Q1,3,2024-03,202403,周五,否,2024年03月29日
2024-03-30,2024,Q1,3,2024-03,202403,周六,是,2024年03月30日
2024-03-31,2024,Q1,3,2024-03,202403,周日,是,2024年03月31日
2024-04-01,2024,Q2,4,2024-04,202404,周一,否,2024年04月01日
2024-04-02,2024,Q2,4,2024-04,202404,周二,否,2024年04月02日
2024-04-03,2024,Q2,4,2024-04,202404,周三,否,2024年04月03日
2024-04-04,2024,Q2,4,2024-04,202404,周四,否,2024年04月04日
2024-04-05,2024,Q2,4,2024-04,202404,周五,否,2024年04月05日
2024-04-06,2024,Q2,4,2024-04,202404,周六,是,2024年04月06日
2024-04-07,2024,Q2,4,2024-04,202404,周日,是,2024年04月07日
2024-04-08,2024,Q2,4,2024-04,202404,周一,否,2024年04月08日
2024-04-09,2024,Q2,4,2024-04,202404,周二,否,2024年04月09日
2024-04-10,2024,Q2,4,2024-04,202404,周三,否,2024年04月10日
2024-04-11,2024,Q2,4,2024-04,202404,周四,否,2024年04月11日
2024-04-12,2024,Q2,4,2024-04,202404,周五,否,2024年04月12日
2024-04-13,2024,Q2,4,2024-04,202404,周六,是,2024年04月13日
2024-04-14,2024,Q2,4,2024-04,202404,周日,是,2024年04月14日
2024-04-15,2024,Q2,4,2024-04,202404,周一,否,2024年04月15日
2024-04-16,2024,Q2,4,2024-04,202404,周二,否,2024年04月16日
2024-04-17,2024,Q2,4,2024-04,202404,周三,否,2024年04月17日
2024-04-18,2024,Q2,4,2024-04,202404,周四,否,2024年04月18日
2024-04-19,2024,Q2,4,2024-04,202404,周五,否,2024年04月19日
2024-04-20,2024,Q2,4,2024-04,202404,周六,是,2024年04月20日
2024-04-21,2024,Q2,4,2024-04,202404,周日,是,2024年04月21日
2024-04-22,2024,Q2,4,2024-04,202404,周一,否,2024年04月22日
2024-04-23,2024,Q2,4,2024-04,202404,周二,否,2024年04月23日
2024-04-24,2024,Q2,4,2024-04,202404,周三,否,2024年04月24日
2024-04-25,2024,Q2,4,2024-04,202404,周四,否,2024年04月25日
2024-04-26,2024,Q2,4,2024-04,202404,周五,否,2024年04月26日
2024-04-27,2024,Q2,4,2024-04,202404,周六,是,2024年04月27日
2024-04-28,2024,Q2,4,2024-04,202404,周日,是,2024年04月28日
2024-04-29,2024,Q2,4,2024-04,202404,周一,否,2024年04月29日
2024-04-30,2024,Q2,4,2024-04,202404,周二,否,2024年04月30日
2024-05-01,2024,Q2,5,2024-05,202405,周三,否,2024年05月01日
2024-05-02,2024,Q2,5,2024-05,202405,周四,否,2024年05月02日
2024-05-03,2024,Q2,5,2024-05,202405,周五,否,2024年05月03日
2024-05-04,2024,Q2,5,2024-05,202405,周六,是,2024年05月04日
2024-05-05,2024,Q2,5,2024-05,202405,周日,是,2024年05月05日
2024-05-06,2024,Q2,5,2024-05,202405,周一,否,2024年05月06日
2024-05-07,2024,Q2,5,2024-05,202405,周二,否,2024年05月07日
2024-05-08,2024,Q2,5,2024-05,202405,周三,否,2024年05月08日
2024-05-09,2024,Q2,5,2024-05,202405,周四,否,2024年05月09日
2024-05-10,2024,Q2,5,2024-05,202405,周五,否,2024年05月10日
2024-05-11,2024,Q2,5,2024-05,202405,周六,是,2024年05月11日
2024-05-12,2024,Q2,5,2024-05,202405,周日,是,2024年05月12日
2024-05-13,2024,Q2,5,2024-05,202405,周一,否,2024年05月13日
2024-05-14,2024,Q2,5,2024-05,202405,周二,否,2024年05月14日
2024-05-15,2024,Q2,5,2024-05,202405,周三,否,2024年05月15日
2024-05-16,2024,Q2,5,2024-05,202405,周四,否,2024年05月16日
2024-05-17,2024,Q2,5,2024-05,202405,周五,否,2024年05月17日
2024-05-18,2024,Q2,5,2024-05,202405,周六,是,2024年05月18日
2024-05-19,2024,Q2,5,2024-05,202405,周日,是,2024年05月19日
2024-05-20,2024,Q2,5,2024-05,202405,周一,否,2024年05月20日
2024-05-21,2024,Q2,5,2024-05,202405,周二,否,2024年05月21日
2024-05-22,2024,Q2,5,2024-05,202405,周三,否,2024年05月22日
2024-05-23,2024,Q2,5,2024-05,202405,周四,否,2024年05月23日
2024-05-24,2024,Q2,5,2024-05,202405,周五,否,2024年05月24日
2024-05-25,2024,Q2,5,2024-05,202405,周六,是,2024年05月25日
2024-05-26,2024,Q2,5,2024-05,202405,周日,是,2024年05月26日
2024-05-27,2024,Q2,5,2024-05,202405,周一,否,2024年05月27日
2024-05-28,2024,Q2,5,2024-05,202405,周二,否,2024年05月28日
2024-05-29,2024,Q2,5,2024-05,202405,周三,否,2024年05月29日
2024-05-30,2024,Q2,5,2024-05,202405,周四,否,2024年05月30日
2024-05-31,2024,Q2,5,2024-05,202405,周五,否,2024年05月31日
2024-06-01,2024,Q2,6,2024-06,202406,周六,是,2024年06月01日
2024-06-02,2024,Q2,6,2024-06,202406,周日,是,2024年06月02日
2024-06-03,2024,Q2,6,2024-06,202406,周一,否,2024年06月03日
2024-06-04,2024,Q2,6,2024-06,202406,周二,否,2024年06月04日
2024-06-05,2024,Q2,6,2024-06,202406,周三,否,2024年06月05日
2024-06-06,2024,Q2,6,2024-06,202406,周四,否,2024年06月06日
2024-06-07,2024,Q2,6,2024-06,202406,周五,否,2024年06月07日
2024-06-08,2024,Q2,6,2024-06,202406,周六,是,2024年06月08日
2024-06-09,2024,Q2,6,2024-06,202406,周日,是,2024年06月09日
2024-06-10,2024,Q2,6,2024-06,202406,周一,否,2024年06月10日
2024-06-11,2024,Q2,6,2024-06,202406,周二,否,2024年06月11日
2024-06-12,2024,Q2,6,2024-06,202406,周三,否,2024年06月12日
2024-06-13,2024,Q2,6,2024-06,202406,周四,否,2024年06月13日
2024-06-14,2024,Q2,6,2024-06,202406,周五,否,2024年06月14日
2024-06-15,2024,Q2,6,2024-06,202406,周六,是,2024年06月15日
2024-06-16,2024,Q2,6,2024-06,202406,周日,是,2024年06月16日
2024-06-17,2024,Q2,6,2024-06,202406,周一,否,2024年06月17日
2024-06-18,2024,Q2,6,2024-06,202406,周二,否,2024年06月18日
2024-06-19,2024,Q2,6,2024-06,202406,周三,否,2024年06月19日
2024-06-20,2024,Q2,6,2024-06,202406,周四,否,2024年06月20日
2024-06-21,2024,Q2,6,2024-06,202406,周五,否,2024年06月21日
2024-06-22,2024,Q2,6,2024-06,202406,周六,是,2024年06月22日
2024-06-23,2024,Q2,6,2024-06,202406,周日,是,2024年06月23日
2024-06-24,2024,Q2,6,2024-06,202406,周一,否,2024年06月24日
2024-06-25,2024,Q2,6,2024-06,202406,周二,否,2024年06月25日
2024-06-26,2024,Q2,6,2024-06,202406,周三,否,2024年06月26日
2024-06-27,2024,Q2,6,2024-06,202406,周四,否,2024年06月27日
2024-06-28,2024,Q2,6,2024-06,202406,周五,否,2024年06月28日
2024-06-29,2024,Q2,6,2024-06,202406,周六,是,2024年06月29日
2024-06-30,2024,Q2,6,2024-06,202406,周日,是,2024年06月30日
2024-07-01,2024,Q3,7,2024-07,202407,周一,否,2024年07月01日
2024-07-02,2024,Q3,7,2024-07,202407,周二,否,2024年07月02日
2024-07-03,2024,Q3,7,2024-07,202407,周三,否,2024年07月03日
2024-07-04,2024,Q3,7,2024-07,202407,周四,否,2024年07月04日
2024-07-05,2024,Q3,7,2024-07,202407,周五,否,2024年07月05日
2024-07-06,2024,Q3,7,2024-07,202407,周六,是,2024年07月06日
2024-07-07,2024,Q3,7,2024-07,202407,周日,是,2024年07月07日
2024-07-08,2024,Q3,7,2024-07,202407,周一,否,2024年07月08日
2024-07-09,2024,Q3,7,2024-07,202407,周二,否,2024年07月09日
2024-07-10,2024,Q3,7,2024-07,202407,周三,否,2024年07月10日
2024-07-11,2024,Q3,7,2024-07,202407,周四,否,2024年07月11日
2024-07-12,2024,Q3,7,2024-07,202407,周五,否,2024年07月12日
2024-07-13,2024,Q3,7,2024-07,202407,周六,是,2024年07月13日
2024-07-14,2024,Q3,7,2024-07,202407,周日,是,2024年07月14日
2024-07-15,2024,Q3,7,2024-07,202407,周一,否,2024年07月15日
2024-07-16,2024,Q3,7,2024-07,202407,周二,否,2024年07月16日
2024-07-17,2024,Q3,7,2024-07,202407,周三,否,2024年07月17日
2024-07-18,2024,Q3,7,2024-07,202407,周四,否,2024年07月18日
2024-07-19,2024,Q3,7,2024-07,202407,周五,否,2024年07月19日
2024-07-20,2024,Q3,7,2024-07,202407,周六,是,2024年07月20日
2024-07-21,2024,Q3,7,2024-07,202407,周日,是,2024年07月21日
2024-07-22,2024,Q3,7,2024-07,202407,周一,否,2024年07月22日
2024-07-23,2024,Q3,7,2024-07,202407,周二,否,2024年07月23日
2024-07-24,2024,Q3,7,2024-07,202407,周三,否,2024年07月24日
2024-07-25,2024,Q3,7,2024-07,202407,周四,否,2024年07月25日
2024-07-26,2024,Q3,7,2024-07,202407,周五,否,2024年07月26日
2024-07-27,2024,Q3,7,2024-07,202407,周六,是,2024年07月27日
2024-07-28,2024,Q3,7,2024-07,202407,周日,是,2024年07月28日
2024-07-29,2024,Q3,7,2024-07,202407,周一,否,2024年07月29日
2024-07-30,2024,Q3,7,2024-07,202407,周二,否,2024年07月30日
2024-07-31,2024,Q3,7,2024-07,202407,周三,否,2024年07月31日
2024-08-01,2024,Q3,8,2024-08,202408,周四,否,2024年08月01日
2024-08-02,2024,Q3,8,2024-08,202408,周五,否,2024年08月02日
2024-08-03,2024,Q3,8,2024-08,202408,周六,是,2024年08月03日
2024-08-04,2024,Q3,8,2024-08,202408,周日,是,2024年08月04日
2024-08-05,2024,Q3,8,2024-08,202408,周一,否,2024年08月05日
2024-08-06,2024,Q3,8,2024-08,202408,周二,否,2024年08月06日
2024-08-07,2024,Q3,8,2024-08,202408,周三,否,2024年08月07日
2024-08-08,2024,Q3,8,2024-08,202408,周四,否,2024年08月08日
2024-08-09,2024,Q3,8,2024-08,202408,周五,否,2024年08月09日
2024-08-10,2024,Q3,8,2024-08,202408,周六,是,2024年08月10日
2024-08-11,2024,Q3,8,2024-08,202408,周日,是,2024年08月11日
2024-08-12,2024,Q3,8,2024-08,202408,周一,否,2024年08月12日
2024-08-13,2024,Q3,8,2024-08,202408,周二,否,2024年08月13日
2024-08-14,2024,Q3,8,2024-08,202408,周三,否,2024年08月14日
2024-08-15,2024,Q3,8,2024-08,202408,周四,否,2024年08月15日
2024-08-16,2024,Q3,8,2024-08,202408,周五,否,2024年08月16日
2024-08-17,2024,Q3,8,2024-08,202408,周六,是,2024年08月17日
2024-08-18,2024,Q3,8,2024-08,202408,周日,是,2024年08月18日
2024-08-19,2024,Q3,8,2024-08,202408,周一,否,2024年08月19日
2024-08-20,2024,Q3,8,2024-08,202408,周二,否,2024年08月20日
2024-08-21,2024,Q3,8,2024-08,202408,周三,否,2024年08月21日
2024-08-22,2024,Q3,8,2024-08,202408,周四,否,2024年08月22日
2024-08-23,2024,Q3,8,2024-08,202408,周五,否,2024年08月23日
2024-08-24,2024,Q3,8,2024-08,202408,周六,是,2024年08月24日
2024-08-25,2024,Q3,8,2024-08,202408,周日,是,2024年08月25日
2024-08-26,2024,Q3,8,2024-08,202408,周一,否,2024年08月26日
2024-08-27,2024,Q3,8,2024-08,202408,周二,否,2024年08月27日
2024-08-28,2024,Q3,8,2024-08,202408,周三,否,2024年08月28日
2024-08-29,2024,Q3,8,2024-08,202408,周四,否,2024年08月29日
2024-08-30,2024,Q3,8,2024-08,202408,周五,否,2024年08月30日
2024-08-31,2024,Q3,8,2024-08,202408,周六,是,2024年08月31日
2024-09-01,2024,Q3,9,2024-09,202409,周日,是,2024年09月01日
2024-09-02,2024,Q3,9,2024-09,202409,周一,否,2024年09月02日
2024-09-03,2024,Q3,9,2024-09,202409,周二,否,2024年09月03日
2024-09-04,2024,Q3,9,2024-09,202409,周三,否,2024年09月04日
2024-09-05,2024,Q3,9,2024-09,202409,周四,否,2024年09月05日
2024-09-06,2024,Q3,9,2024-09,202409,周五,否,2024年09月06日
2024-09-07,2024,Q3,9,2024-09,202409,周六,是,2024年09月07日
2024-09-08,2024,Q3,9,2024-09,202409,周日,是,2024年09月08日
2024-09-09,2024,Q3,9,2024-09,202409,周一,否,2024年09月09日
2024-09-10,2024,Q3,9,2024-09,202409,周二,否,2024年09月10日
2024-09-11,2024,Q3,9,2024-09,202409,周三,否,2024年09月11日
2024-09-12,2024,Q3,9,2024-09,202409,周四,否,2024年09月12日
2024-09-13,2024,Q3,9,2024-09,202409,周五,否,2024年09月13日
2024-09-14,2024,Q3,9,2024-09,202409,周六,是,2024年09月14日
2024-09-15,2024,Q3,9,2024-09,202409,周日,是,2024年09月15日
2024-09-16,2024,Q3,9,2024-09,202409,周一,否,2024年09月16日
2024-09-17,2024,Q3,9,2024-09,202409,周二,否,2024年09月17日
2024-09-18,2024,Q3,9,2024-09,202409,周三,否,2024年09月18日
2024-09-19,2024,Q3,9,2024-09,202409,周四,否,2024年09月19日
2024-09-20,2024,Q3,9,2024-09,202409,周五,否,2024年09月20日
2024-09-21,2024,Q3,9,2024-09,202409,周六,是,2024年09月21日
2024-09-22,2024,Q3,9,2024-09,202409,周日,是,2024年09月22日
2024-09-23,2024,Q3,9,2024-09,202409,周一,否,2024年09月23日
2024-09-24,2024,Q3,9,2024-09,202409,周二,否,2024年09月24日
2024-09-25,2024,Q3,9,2024-09,202409,周三,否,2024年09月25日
2024-09-26,2024,Q3,9,2024-09,202409,周四,否,2024年09月26日
2024-09-27,2024,Q3,9,2024-09,202409,周五,否,2024年09月27日
2024-09-28,2024,Q3,9,2024-09,202409,周六,是,2024年09月28日
2024-09-29,2024,Q3,9,2024-09,202409,周日,是,2024年09月29日
2024-09-30,2024,Q3,9,2024-09,202409,周一,否,2024年09月30日
2024-10-01,2024,Q4,10,2024-10,202410,周二,否,2024年10月01日
2024-10-02,2024,Q4,10,2024-10,202410,周三,否,2024年10月02日
2024-10-03,2024,Q4,10,2024-10,202410,周四,否,2024年10月03日
2024-10-04,2024,Q4,10,2024-10,202410,周五,否,2024年10月04日
2024-10-05,2024,Q4,10,2024-10,202410,周六,是,2024年10月05日
2024-10-06,2024,Q4,10,2024-10,202410,周日,是,2024年10月06日
2024-10-07,2024,Q4,10,2024-10,202410,周一,否,2024年10月07日
2024-10-08,2024,Q4,10,2024-10,202410,周二,否,2024年10月08日
2024-10-09,2024,Q4,10,2024-10,202410,周三,否,2024年10月09日
2024-10-10,2024,Q4,10,2024-10,202410,周四,否,2024年10月10日
2024-10-11,2024,Q4,10,2024-10,202410,周五,否,2024年10月11日
2024-10-12,2024,Q4,10,2024-10,202410,周六,是,2024年10月12日
2024-10-13,2024,Q4,10,2024-10,202410,周日,是,2024年10月13日
2024-10-14,2024,Q4,10,2024-10,202410,周一,否,2024年10月14日
2024-10-15,2024,Q4,10,2024-10,202410,周二,否,2024年10月15日
2024-10-16,2024,Q4,10,2024-10,202410,周三,否,2024年10月16日
2024-10-17,2024,Q4,10,2024-10,202410,周四,否,2024年10月17日
2024-10-18,2024,Q4,10,2024-10,202410,周五,否,2024年10月18日
2024-10-19,2024,Q4,10,2024-10,202410,周六,是,2024年10月19日
2024-10-20,2024,Q4,10,2024-10,202410,周日,是,2024年10月20日
2024-10-21,2024,Q4,10,2024-10,202410,周一,否,2024年10月21日
2024-10-22,2024,Q4,10,2024-10,202410,周二,否,2024年10月22日
2024-10-23,2024,Q4,10,2024-10,202410,周三,否,2024年10月23日
2024-10-24,2024,Q4,10,2024-10,202410,周四,否,2024年10月24日
2024-10-25,2024,Q4,10,2024-10,202410,周五,否,2024年10月25日
2024-10-26,2024,Q4,10,2024-10,202410,周六,是,2024年10月26日
2024-10-27,2024,Q4,10,2024-10,202410,周日,是,2024年10月27日
2024-10-28,2024,Q4,10,2024-10,202410,周一,否,2024年10月28日
2024-10-29,2024,Q4,10,2024-10,202410,周二,否,2024年10月29日
2024-10-30,2024,Q4,10,2024-10,202410,周三,否,2024年10月30日
2024-10-31,2024,Q4,10,2024-10,202410,周四,否,2024年10月31日
2024-11-01,2024,Q4,11,2024-11,202411,周五,否,2024年11月01日
2024-11-02,2024,Q4,11,2024-11,202411,周六,是,2024年11月02日
2024-11-03,2024,Q4,11,2024-11,202411,周日,是,2024年11月03日
2024-11-04,2024,Q4,11,2024-11,202411,周一,否,2024年11月04日
2024-11-05,2024,Q4,11,2024-11,202411,周二,否,2024年11月05日
2024-11-06,2024,Q4,11,2024-11,202411,周三,否,2024年11月06日
2024-11-07,2024,Q4,11,2024-11,202411,周四,否,2024年11月07日
2024-11-08,2024,Q4,11,2024-11,202411,周五,否,2024年11月08日
2024-11-09,2024,Q4,11,2024-11,202411,周六,是,2024年11月09日
2024-11-10,2024,Q4,11,2024-11,202411,周日,是,2024年11月10日
2024-11-11,2024,Q4,11,2024-11,202411,周一,否,2024年11月11日
2024-11-12,2024,Q4,11,2024-11,202411,周二,否,2024年11月12日
2024-11-13,2024,Q4,11,2024-11,202411,周三,否,2024年11月13日
2024-11-14,2024,Q4,11,2024-11,202411,周四,否,2024年11月14日
2024-11-15,2024,Q4,11,2024-11,202411,周五,否,2024年11月15日
2024-11-16,2024,Q4,11,2024-11,202411,周六,是,2024年11月16日
2024-11-17,2024,Q4,11,2024-11,202411,周日,是,2024年11月17日
2024-11-18,2024,Q4,11,2024-11,202411,周一,否,2024年11月18日
2024-11-19,2024,Q4,11,2024-11,202411,周二,否,2024年11月19日
2024-11-20,2024,Q4,11,2024-11,202411,周三,否,2024年11月20日
2024-11-21,2024,Q4,11,2024-11,202411,周四,否,2024年11月21日
2024-11-22,2024,Q4,11,2024-11,202411,周五,否,2024年11月22日
2024-11-23,2024,Q4,11,2024-11,202411,周六,是,2024年11月23日
2024-11-24,2024,Q4,11,2024-11,202411,周日,是,2024年11月24日
2024-11-25,2024,Q4,11,2024-11,202411,周一,否,2024年11月25日
2024-11-26,2024,Q4,11,2024-11,202411,周二,否,2024年11月26日
2024-11-27,2024,Q4,11,2024-11,202411,周三,否,2024年11月27日
2024-11-28,2024,Q4,11,2024-11,202411,周四,否,2024年11月28日
2024-11-29,2024,Q4,11,2024-11,202411,周五,否,2024年11月29日
2024-11-30,2024,Q4,11,2024-11,202411,周六,是,2024年11月30日
2024-12-01,2024,Q4,12,2024-12,202412,周日,是,2024年12月01日
2024-12-02,2024,Q4,12,2024-12,202412,周一,否,2024年12月02日
2024-12-03,2024,Q4,12,2024-12,202412,周二,否,2024年12月03日
2024-12-04,2024,Q4,12,2024-12,202412,周三,否,2024年12月04日
2024-12-05,2024,Q4,12,2024-12,202412,周四,否,2024年12月05日
2024-12-06,2024,Q4,12,2024-12,202412,周五,否,2024年12月06日
2024-12-07,2024,Q4,12,2024-12,202412,周六,是,2024年12月07日
2024-12-08,2024,Q4,12,2024-12,202412,周日,是,2024年12月08日
2024-12-09,2024,Q4,12,2024-12,202412,周一,否,2024年12月09日
2024-12-10,2024,Q4,12,2024-12,202412,周二,否,2024年12月10日
2024-12-11,2024,Q4,12,2024-12,202412,周三,否,2024年12月11日
2024-12-12,2024,Q4,12,2024-12,202412,周四,否,2024年12月12日
2024-12-13,2024,Q4,12,2024-12,202412,周五,否,2024年12月13日
2024-12-14,2024,Q4,12,2024-12,202412,周六,是,2024年12月14日
2024-12-15,2024,Q4,12,2024-12,202412,周日,是,2024年12月15日
2024-12-16,2024,Q4,12,2024-12,202412,周一,否,2024年12月16日
2024-12-17,2024,Q4,12,2024-12,202412,周二,否,2024年12月17日
2024-12-18,2024,Q4,12,2024-12,202412,周三,否,2024年12月18日
2024-12-19,2024,Q4,12,2024-12,202412,周四,否,2024年12月19日
2024-12-20,2024,Q4,12,2024-12,202412,周五,否,2024年12月20日
2024-12-21,2024,Q4,12,2024-12,202412,周六,是,2024年12月21日
2024-12-22,2024,Q4,12,2024-12,202412,周日,是,2024年12月22日
2024-12-23,2024,Q4,12,2024-12,202412,周一,否,2024年12月23日
2024-12-24,2024,Q4,12,2024-12,202412,周二,否,2024年12月24日
2024-12-25,2024,Q4,12,2024-12,202412,周三,否,2024年12月25日
2024-12-26,2024,Q4,12,2024-12,202412,周四,否,2024年12月26日
2024-12-27,2024,Q4,12,2024-12,202412,周五,否,2024年12月27日
2024-12-28,2024,Q4,12,2024-12,202412,周六,是,2024年12月28日
2024-12-29,2024,Q4,12,2024-12,202412,周日,是,2024年12月29日
2024-12-30,2024,Q4,12,2024-12,202412,周一,否,2024年12月30日
2024-12-31,2024,Q4,12,2024-12,202412,周二,否,2024年12月31日
2025-01-01,2025,Q1,1,2025-01,202501,周三,否,2025年01月01日
2025-01-02,2025,Q1,1,2025-01,202501,周四,否,2025年01月02日
2025-01-03,2025,Q1,1,2025-01,202501,周五,否,2025年01月03日
2025-01-04,2025,Q1,1,2025-01,202501,周六,是,2025年01月04日
2025-01-05,2025,Q1,1,2025-01,202501,周日,是,2025年01月05日
2025-01-06,2025,Q1,1,2025-01,202501,周一,否,2025年01月06日
2025-01-07,2025,Q1,1,2025-01,202501,周二,否,2025年01月07日
2025-01-08,2025,Q1,1,2025-01,202501,周三,否,2025年01月08日
2025-01-09,2025,Q1,1,2025-01,202501,周四,否,2025年01月09日
2025-01-10,2025,Q1,1,2025-01,202501,周五,否,2025年01月10日
2025-01-11,2025,Q1,1,2025-01,202501,周六,是,2025年01月11日
2025-01-12,2025,Q1,1,2025-01,202501,周日,是,2025年01月12日
2025-01-13,2025,Q1,1,2025-01,202501,周一,否,2025年01月13日
2025-01-14,2025,Q1,1,2025-01,202501,周二,否,2025年01月14日
2025-01-15,2025,Q1,1,2025-01,202501,周三,否,2025年01月15日
2025-01-16,2025,Q1,1,2025-01,202501,周四,否,2025年01月16日
2025-01-17,2025,Q1,1,2025-01,202501,周五,否,2025年01月17日
2025-01-18,2025,Q1,1,2025-01,202501,周六,是,2025年01月18日
2025-01-19,2025,Q1,1,2025-01,202501,周日,是,2025年01月19日
2025-01-20,2025,Q1,1,2025-01,202501,周一,否,2025年01月20日
2025-01-21,2025,Q1,1,2025-01,202501,周二,否,2025年01月21日
2025-01-22,2025,Q1,1,2025-01,202501,周三,否,2025年01月22日
2025-01-23,2025,Q1,1,2025-01,202501,周四,否,2025年01月23日
2025-01-24,2025,Q1,1,2025-01,202501,周五,否,2025年01月24日
2025-01-25,2025,Q1,1,2025-01,202501,周六,是,2025年01月25日
2025-01-26,2025,Q1,1,2025-01,202501,周日,是,2025年01月26日
2025-01-27,2025,Q1,1,2025-01,202501,周一,否,2025年01月27日
2025-01-28,2025,Q1,1,2025-01,202501,周二,否,2025年01月28日
2025-01-29,2025,Q1,1,2025-01,202501,周三,否,2025年01月29日
2025-01-30,2025,Q1,1,2025-01,202501,周四,否,2025年01月30日
2025-01-31,2025,Q1,1,2025-01,202501,周五,否,2025年01月31日
2025-02-01,2025,Q1,2,2025-02,202502,周六,是,2025年02月01日
2025-02-02,2025,Q1,2,2025-02,202502,周日,是,2025年02月02日
2025-02-03,2025,Q1,2,2025-02,202502,周一,否,2025年02月03日
2025-02-04,2025,Q1,2,2025-02,202502,周二,否,2025年02月04日
2025-02-05,2025,Q1,2,2025-02,202502,周三,否,2025年02月05日
2025-02-06,2025,Q1,2,2025-02,202502,周四,否,2025年02月06日
2025-02-07,2025,Q1,2,2025-02,202502,周五,否,2025年02月07日
2025-02-08,2025,Q1,2,2025-02,202502,周六,是,2025年02月08日
2025-02-09,2025,Q1,2,2025-02,202502,周日,是,2025年02月09日
2025-02-10,2025,Q1,2,2025-02,202502,周一,否,2025年02月10日
2025-02-11,2025,Q1,2,2025-02,202502,周二,否,2025年02月11日
2025-02-12,2025,Q1,2,2025-02,202502,周三,否,2025年02月12日
2025-02-13,2025,Q1,2,2025-02,202502,周四,否,2025年02月13日
2025-02-14,2025,Q1,2,2025-02,202502,周五,否,2025年02月14日
2025-02-15,2025,Q1,2,2025-02,202502,周六,是,2025年02月15日
2025-02-16,2025,Q1,2,2025-02,202502,周日,是,2025年02月16日
2025-02-17,2025,Q1,2,2025-02,202502,周一,否,2025年02月17日
2025-02-18,2025,Q1,2,2025-02,202502,周二,否,2025年02月18日
2025-02-19,2025,Q1,2,2025-02,202502,周三,否,2025年02月19日
2025-02-20,2025,Q1,2,2025-02,202502,周四,否,2025年02月20日
2025-02-21,2025,Q1,2,2025-02,202502,周五,否,2025年02月21日
2025-02-22,2025,Q1,2,2025-02,202502,周六,是,2025年02月22日
2025-02-23,2025,Q1,2,2025-02,202502,周日,是,2025年02月23日
2025-02-24,2025,Q1,2,2025-02,202502,周一,否,2025年02月24日
2025-02-25,2025,Q1,2,2025-02,202502,周二,否,2025年02月25日
2025-02-26,2025,Q1,2,2025-02,202502,周三,否,2025年02月26日
2025-02-27,2025,Q1,2,2025-02,202502,周四,否,2025年02月27日
2025-02-28,2025,Q1,2,2025-02,202502,周五,否,2025年02月28日
2025-03-01,2025,Q1,3,2025-03,202503,周六,是,2025年03月01日
2025-03-02,2025,Q1,3,2025-03,202503,周日,是,2025年03月02日
2025-03-03,2025,Q1,3,2025-03,202503,周一,否,2025年03月03日
2025-03-04,2025,Q1,3,2025-03,202503,周二,否,2025年03月04日
2025-03-05,2025,Q1,3,2025-03,202503,周三,否,2025年03月05日
2025-03-06,2025,Q1,3,2025-03,202503,周四,否,2025年03月06日
2025-03-07,2025,Q1,3,2025-03,202503,周五,否,2025年03月07日
2025-03-08,2025,Q1,3,2025-03,202503,周六,是,2025年03月08日
2025-03-09,2025,Q1,3,2025-03,202503,周日,是,2025年03月09日
2025-03-10,2025,Q1,3,2025-03,202503,周一,否,2025年03月10日
2025-03-11,2025,Q1,3,2025-03,202503,周二,否,2025年03月11日
2025-03-12,2025,Q1,3,2025-03,202503,周三,否,2025年03月12日
2025-03-13,2025,Q1,3,2025-03,202503,周四,否,2025年03月13日
2025-03-14,2025,Q1,3,2025-03,202503,周五,否,2025年03月14日
2025-03-15,2025,Q1,3,2025-03,202503,周六,是,2025年03月15日
2025-03-16,2025,Q1,3,2025-03,202503,周日,是,2025年03月16日
2025-03-17,2025,Q1,3,2025-03,202503,周一,否,2025年03月17日
2025-03-18,2025,Q1,3,2025-03,202503,周二,否,2025年03月18日
2025-03-19,2025,Q1,3,2025-03,202503,周三,否,2025年03月19日
2025-03-20,2025,Q1,3,2025-03,202503,周四,否,2025年03月20日
2025-03-21,2025,Q1,3,2025-03,202503,周五,否,2025年03月21日
2025-03-22,2025,Q1,3,2025-03,202503,周六,是,2025年03月22日
2025-03-23,2025,Q1,3,2025-03,202503,周日,是,2025年03月23日
2025-03-24,2025,Q1,3,2025-03,202503,周一,否,2025年03月24日
2025-03-25,2025,Q1,3,2025-03,202503,周二,否,2025年03月25日
2025-03-26,2025,Q1,3,2025-03,202503,周三,否,2025年03月26日
2025-03-27,2025,Q1,3,2025-03,202503,周四,否,2025年03月27日
2025-03-28,2025,Q1,3,2025-03,202503,周五,否,2025年03月28日
2025-03-29,2025,Q1,3,2025-03,202503,周六,是,2025年03月29日
2025-03-30,2025,Q1,3,2025-03,202503,周日,是,2025年03月30日
2025-03-31,2025,Q1,3,2025-03,202503,周一,否,2025年03月31日
2025-04-01,2025,Q2,4,2025-04,202504,周二,否,2025年04月01日
2025-04-02,2025,Q2,4,2025-04,202504,周三,否,2025年04月02日
2025-04-03,2025,Q2,4,2025-04,202504,周四,否,2025年04月03日
2025-04-04,2025,Q2,4,2025-04,202504,周五,否,2025年04月04日
2025-04-05,2025,Q2,4,2025-04,202504,周六,是,2025年04月05日
2025-04-06,2025,Q2,4,2025-04,202504,周日,是,2025年04月06日
2025-04-07,2025,Q2,4,2025-04,202504,周一,否,2025年04月07日
2025-04-08,2025,Q2,4,2025-04,202504,周二,否,2025年04月08日
2025-04-09,2025,Q2,4,2025-04,202504,周三,否,2025年04月09日
2025-04-10,2025,Q2,4,2025-04,202504,周四,否,2025年04月10日
2025-04-11,2025,Q2,4,2025-04,202504,周五,否,2025年04月11日
2025-04-12,2025,Q2,4,2025-04,202504,周六,是,2025年04月12日
2025-04-13,2025,Q2,4,2025-04,202504,周日,是,2025年04月13日
2025-04-14,2025,Q2,4,2025-04,202504,周一,否,2025年04月14日
2025-04-15,2025,Q2,4,2025-04,202504,周二,否,2025年04月15日
2025-04-16,2025,Q2,4,2025-04,202504,周三,否,2025年04月16日
2025-04-17,2025,Q2,4,2025-04,202504,周四,否,2025年04月17日
2025-04-18,2025,Q2,4,2025-04,202504,周五,否,2025年04月18日
2025-04-19,2025,Q2,4,2025-04,202504,周六,是,2025年04月19日
2025-04-20,2025,Q2,4,2025-04,202504,周日,是,2025年04月20日
2025-04-21,2025,Q2,4,2025-04,202504,周一,否,2025年04月21日
2025-04-22,2025,Q2,4,2025-04,202504,周二,否,2025年04月22日
2025-04-23,2025,Q2,4,2025-04,202504,周三,否,2025年04月23日
2025-04-24,2025,Q2,4,2025-04,202504,周四,否,2025年04月24日
2025-04-25,2025,Q2,4,2025-04,202504,周五,否,2025年04月25日
2025-04-26,2025,Q2,4,2025-04,202504,周六,是,2025年04月26日
2025-04-27,2025,Q2,4,2025-04,202504,周日,是,2025年04月27日
2025-04-28,2025,Q2,4,2025-04,202504,周一,否,2025年04月28日
2025-04-29,2025,Q2,4,2025-04,202504,周二,否,2025年04月29日
2025-04-30,2025,Q2,4,2025-04,202504,周三,否,2025年04月30日
2025-05-01,2025,Q2,5,2025-05,202505,周四,否,2025年05月01日
2025-05-02,2025,Q2,5,2025-05,202505,周五,否,2025年05月02日
2025-05-03,2025,Q2,5,2025-05,202505,周六,是,2025年05月03日
2025-05-04,2025,Q2,5,2025-05,202505,周日,是,2025年05月04日
2025-05-05,2025,Q2,5,2025-05,202505,周一,否,2025年05月05日
2025-05-06,2025,Q2,5,2025-05,202505,周二,否,2025年05月06日
2025-05-07,2025,Q2,5,2025-05,202505,周三,否,2025年05月07日
2025-05-08,2025,Q2,5,2025-05,202505,周四,否,2025年05月08日
2025-05-09,2025,Q2,5,2025-05,202505,周五,否,2025年05月09日
2025-05-10,2025,Q2,5,2025-05,202505,周六,是,2025年05月10日
2025-05-11,2025,Q2,5,2025-05,202505,周日,是,2025年05月11日
2025-05-12,2025,Q2,5,2025-05,202505,周一,否,2025年05月12日
2025-05-13,2025,Q2,5,2025-05,202505,周二,否,2025年05月13日
2025-05-14,2025,Q2,5,2025-05,202505,周三,否,2025年05月14日
2025-05-15,2025,Q2,5,2025-05,202505,周四,否,2025年05月15日
2025-05-16,2025,Q2,5,2025-05,202505,周五,否,2025年05月16日
2025-05-17,2025,Q2,5,2025-05,202505,周六,是,2025年05月17日
2025-05-18,2025,Q2,5,2025-05,202505,周日,是,2025年05月18日
2025-05-19,2025,Q2,5,2025-05,202505,周一,否,2025年05月19日
2025-05-20,2025,Q2,5,2025-05,202505,周二,否,2025年05月20日
2025-05-21,2025,Q2,5,2025-05,202505,周三,否,2025年05月21日
2025-05-22,2025,Q2,5,2025-05,202505,周四,否,2025年05月22日
2025-05-23,2025,Q2,5,2025-05,202505,周五,否,2025年05月23日
2025-05-24,2025,Q2,5,2025-05,202505,周六,是,2025年05月24日
2025-05-25,2025,Q2,5,2025-05,202505,周日,是,2025年05月25日
2025-05-26,2025,Q2,5,2025-05,202505,周一,否,2025年05月26日
2025-05-27,2025,Q2,5,2025-05,202505,周二,否,2025年05月27日
2025-05-28,2025,Q2,5,2025-05,202505,周三,否,2025年05月28日
2025-05-29,2025,Q2,5,2025-05,202505,周四,否,2025年05月29日
2025-05-30,2025,Q2,5,2025-05,202505,周五,否,2025年05月30日
2025-05-31,2025,Q2,5,2025-05,202505,周六,是,2025年05月31日
2025-06-01,2025,Q2,6,2025-06,202506,周日,是,2025年06月01日
2025-06-02,2025,Q2,6,2025-06,202506,周一,否,2025年06月02日
2025-06-03,2025,Q2,6,2025-06,202506,周二,否,2025年06月03日
2025-06-04,2025,Q2,6,2025-06,202506,周三,否,2025年06月04日
2025-06-05,2025,Q2,6,2025-06,202506,周四,否,2025年06月05日
2025-06-06,2025,Q2,6,2025-06,202506,周五,否,2025年06月06日
2025-06-07,2025,Q2,6,2025-06,202506,周六,是,2025年06月07日
2025-06-08,2025,Q2,6,2025-06,202506,周日,是,2025年06月08日
2025-06-09,2025,Q2,6,2025-06,202506,周一,否,2025年06月09日
2025-06-10,2025,Q2,6,2025-06,202506,周二,否,2025年06月10日
2025-06-11,2025,Q2,6,2025-06,202506,周三,否,2025年06月11日
2025-06-12,2025,Q2,6,2025-06,202506,周四,否,2025年06月12日
2025-06-13,2025,Q2,6,2025-06,202506,周五,否,2025年06月13日
2025-06-14,2025,Q2,6,2025-06,202506,周六,是,2025年06月14日
2025-06-15,2025,Q2,6,2025-06,202506,周日,是,2025年06月15日
2025-06-16,2025,Q2,6,2025-06,202506,周一,否,2025年06月16日
2025-06-17,2025,Q2,6,2025-06,202506,周二,否,2025年06月17日
2025-06-18,2025,Q2,6,2025-06,202506,周三,否,2025年06月18日
2025-06-19,2025,Q2,6,2025-06,202506,周四,否,2025年06月19日
2025-06-20,2025,Q2,6,2025-06,202506,周五,否,2025年06月20日
2025-06-21,2025,Q2,6,2025-06,202506,周六,是,2025年06月21日
2025-06-22,2025,Q2,6,2025-06,202506,周日,是,2025年06月22日
2025-06-23,2025,Q2,6,2025-06,202506,周一,否,2025年06月23日
2025-06-24,2025,Q2,6,2025-06,202506,周二,否,2025年06月24日
2025-06-25,2025,Q2,6,2025-06,202506,周三,否,2025年06月25日
2025-06-26,2025,Q2,6,2025-06,202506,周四,否,2025年06月26日
2025-06-27,2025,Q2,6,2025-06,202506,周五,否,2025年06月27日
2025-06-28,2025,Q2,6,2025-06,202506,周六,是,2025年06月28日
2025-06-29,2025,Q2,6,2025-06,202506,周日,是,2025年06月29日
2025-06-30,2025,Q2,6,2025-06,202506,周一,否,2025年06月30日
